ingredient_name;function1;function2;warning1;warning2;ingredient_origin;ingredient_charge
1,2-Hexanediol;Preservative;Humectant;;;Synthetic;Non-ionik
2,3-Butanediol;Humectant;Solvent;;;Synthetic;Non-ionik
2-Aminobutanol;pH Adjuster;;Irritant;;Synthetic;Kationik
2-Methylpropanediol;Solvent;Humectant;;;Synthetic;Non-ionik
2-O-Ethyl Ascorbic Acid;Antioxidant;;;;Synthetic;Non-ionik
3-O-Ethyl Ascorbic Acid;Antioxidant;;;;Synthetic;Non-ionik
Abies Sibirica Oil;Perfum;Emollient;Allergen;;Natural;Non-ionik
Acacia Senegal Gum;Viscosity Increasing Agent-Aqueous;Emulsion Stabilizer;;;Natural;Anionik
Acetyl Dipeptide-1 Cetyl Ester;Miscellaneous;;;;Synthetic;Non-ionik
Acetyl Glucosamine;Miscellaneous;;;;Natural Derivative;Non-ionik
Acetyl Glutamine;Miscellaneous;Humectant;;;Natural Derivative;Non-ionik
Acetyl Heptapeptide-4;Miscellaneous;;;;Synthetic;Non-ionik
Acetyl Hexapeptide-8;Miscellaneous;;;;Synthetic;Non-ionik
Acetyl Octapeptide-3;Miscellaneous;;;;Synthetic;Non-ionik
Acetyl Tetrapeptide-11;Miscellaneous;;;;Synthetic;Non-ionik
Acetyl Tetrapeptide-2;Miscellaneous;;;;Synthetic;Non-ionik
Acetyl Tetrapeptide-5;Miscellaneous;;;;Synthetic;Non-ionik
Acetyl Tyrosine;Miscellaneous;;;;Natural Derivative;Non-ionik
Acmella Oleracea Extract;Miscellaneous;;;;Natural;Non-ionik
Acrylates Copolymer;Hair Fixative;Film Forming Agent;;;Synthetic;Anionik
Acrylates/C10-30 Alkyl Acrylate Crosspolymer;Viscosity Increasing Agent-Aqueous;Emulsion Stabilizer;;;Synthetic;Anionik
Acrylic Acid/Acrylamidomethyl Propane Sulfonic Acid Copolymer;Viscosity Increasing Agent-Aqueous;Emulsion Stabilizer;;;Synthetic;Anionik
Actinidia Chinensis (Kiwi) Fruit Extract;Miscellaneous;Antioxidant;Allergen;;Natural;Non-ionik
Adenosine;Miscellaneous;;;;Natural Derivative;Non-ionik
Agar;Viscosity Increasing Agent-Aqueous;;;;Natural;Non-ionik
Alanine;Miscellaneous;Humectant;;;Natural Derivative;Amfoterik
Alanine/Histidine/Lysine Polypeptide Copper Hcl;Miscellaneous;;;;Synthetic;Kationik
Alcohol;Solvent;Astringent;Drying;Irritant;Natural Derivative;Non-ionik
Alcohol Denat;Solvent;Astringent;Drying;Irritant;Synthetic;Non-ionik
Allantoin;Miscellaneous;;;;Natural Derivative;Non-ionik
Almond Oil/Polyglyceryl-10 Esters;Emulsifying;Emollient;;;Natural Derivative;Non-ionik
Aloe Barbadensis Flower Extract;Miscellaneous;Antioxidant;Allergen;;Natural;Non-ionik
Aloe Barbadensis Leaf Extract;Miscellaneous;Antioxidant;Allergen;;Natural;Non-ionik
Alpha-Arbutin;Miscellaneous;Antioxidant;;;Natural Derivative;Non-ionik
Aluminum Chlorohydrate;Astringent;;Controversial;Irritant;Synthetic;Kationik
Aluminum/Magnesium Hydroxide Stearate;Viscosity Increasing Agent-Non Aqueous;Opacifying Agent;;;Synthetic;Non-ionik
Amaranthus Caudatus Seed Extract;Miscellaneous;Emollient;;;Natural;Non-ionik
Amber Powder;Abrasive;;;;Natural;Non-ionik
Aminomethyl Propanol;pH Adjuster;;Irritant;;Synthetic;Kationik
Aminopropyl Ascorbyl Phosphate;Antioxidant;Miscellaneous;;;Synthetic;Non-ionik
Ammonium Acryloyldimethyltaurate/Beheneth-25 Methacrylate Crosspolymer;Viscosity Increasing Agent-Aqueous;Emulsion Stabilizer;;;Synthetic;Anionik
Ammonium Acryloyldimethyltaurate/Vp Copolymer;Viscosity Increasing Agent-Aqueous;Hair Fixative;;;Synthetic;Anionik
Amylopectin;Viscosity Increasing Agent-Aqueous;;;;Natural;Non-ionik
Anemarrhena Asphodeloides Root Extract;Miscellaneous;Antioxidant;;;Natural;Non-ionik
Angelica Keiskei Extract;Miscellaneous;Antioxidant;Fotosensitizing;;Natural;Non-ionik
Anhydroxylitol;Humectant;;;;Natural Derivative;Non-ionik
Anthemis Nobilis Flower Extract;Miscellaneous;Antioxidant;Allergen;;Natural;Non-ionik
Anthemis Nobilis Flower Oil;Perfum;Emollient;Allergen;;Natural;Non-ionik
Aqua (Water);Solvent;Miscellaneous;;;Natural;Non-ionik
Arachidyl Alcohol;Viscosity Increasing Agent-Non Aqueous;Emulsion Stabilizer;;;Natural Derivative;Non-ionik
Arachidyl Glucoside;Emulsifying;;;;Natural Derivative;Non-ionik
Arachis Hypogaea (Peanut) Oil;Emollient;Occlusive;Allergen;;Natural;Non-ionik
Arbutin;Miscellaneous;Antioxidant;;;Natural Derivative;Non-ionik
Arginine;Miscellaneous;Humectant;;;Natural Derivative;Amfoterik
Arisaema Amurense Extract;Miscellaneous;;;;Natural;Non-ionik
Artemisia Capillaris Leaf Extract;Miscellaneous;Antioxidant;;;Natural;Non-ionik
Artemisia Princeps Leaf Extract;Miscellaneous;Antioxidant;;;Natural;Non-ionik
Artemisia Vulgaris (Mugwort) Oil;Perfum;Emollient;Allergen;;Natural;Non-ionik
Ascorbic Acid;Antioxidant;;Irritant;;Synthetic;Non-ionik
Ascorbyl Glucoside;Antioxidant;Miscellaneous;;;Synthetic;Non-ionik
Ascorbyl Palmitate;Antioxidant;Emollient;;;Synthetic;Non-ionik
Ascorbyl Tetraisopalmitate;Antioxidant;Emollient;;;Synthetic;Non-ionik
Asiatic Acid;Miscellaneous;;;;Natural;Non-ionik
Asiaticoside;Miscellaneous;;;;Natural;Non-ionik
Aspartic Acid;Miscellaneous;Humectant;;;Natural Derivative;Amfoterik
Astragalus Membranaceus Root Extract;Miscellaneous;Antioxidant;;;Natural;Non-ionik
Avena Sativa (Oat) Kernel Extract;Miscellaneous;Antioxidant;;;Natural;Non-ionik
Avena Sativa (Oat) Kernel Flour;Abrasive;Viscosity Increasing Agent-Aqueous;;;Natural;Non-ionik
Bacillus Ferment;Miscellaneous;;;;Natural Derivative;Non-ionik
Bacillus/Soybean Ferment Extract;Miscellaneous;;;;Natural Derivative;Non-ionik
Bambusa Vulgaris Extract;Miscellaneous;;;;Natural;Non-ionik
Beeswax;Viscosity Increasing Agent-Non Aqueous;Occlusive;Comedogenic;;Natural;Non-ionik
Behenyl Alcohol;Viscosity Increasing Agent-Non Aqueous;Emulsion Stabilizer;;;Natural Derivative;Non-ionik
Bellis Perennis (Daisy) Flower Extract;Miscellaneous;;Allergen;;Natural;Non-ionik
Bentonite;Viscosity Increasing Agent-Aqueous;;Drying;;Natural;Anionik
Benzalkonium Chloride;Preservative;;Irritant;Allergen;Synthetic;Kationik
Benzyl Glycol;Solvent;Preservative;Irritant;;Synthetic;Non-ionik
Beta-Carotene;Colorant;Antioxidant;;;Natural Derivative;Non-ionik
Beta-Glucan;Miscellaneous;Humectant;;;Natural Derivative;Non-ionik
Betaine;Humectant;;;;Natural Derivative;Amfoterik
Betaine Salicylate;Miscellaneous;;Exfoliating;Irritant;Synthetic;Non-ionik
Bht;Antioxidant;Preservative;Controversial;;Synthetic;Non-ionik
Bifida Ferment Filtrate;Miscellaneous;;;;Natural Derivative;Non-ionik
Bifida Ferment Lysate;Miscellaneous;;;;Natural Derivative;Non-ionik
Biotin;Miscellaneous;;;;Synthetic;Non-ionik
Bis-Ethoxydiglycol Cyclohexane 1,4-Dicarboxylate;Solvent;;;;Synthetic;Non-ionik
Bis-Ethylhexyloxyphenol Methoxyphenyl Triazine;Sunscreen Agent;;;;Synthetic;Non-ionik
Bis-PEG-12 Dimethicone;Emulsifying;Solubiliser;;;Synthetic;Non-ionik
Bis-PEG-18 Methyl Ether Dimethyl Silane;Solvent;;;;Synthetic;Non-ionik
Bisabolol;Miscellaneous;;;;Natural Derivative;Non-ionik
Borago Officinalis Seed Oil;Emollient;;;;Natural;Non-ionik
Brassica Campestris (Rapeseed) Sterols;Emollient;Emulsion Stabilizer;;;Natural Derivative;Non-ionik
Brassica Campestris Sprout Extract;Miscellaneous;Antioxidant;;;Natural;Non-ionik
Brassica Oleracea Capitata (Cabbage) Leaf Extract;Miscellaneous;Antioxidant;;;Natural;Non-ionik
Brassica Oleracea Italica (Broccoli) Sprout Extract;Miscellaneous;Antioxidant;;;Natural;Non-ionik
Brassica Rapa (Turnip) Leaf Extract;Miscellaneous;Antioxidant;;;Natural;Non-ionik
Bromelain;Miscellaneous;;Exfoliating;Irritant;Natural;Non-ionik
Buteth-3;Solvent;Humectant;;;Synthetic;Non-ionik
Butylene Glycol;Solvent;Humectant;;;Synthetic;Non-ionik
C12-13 Alketh-9;Emulsifying;Solubiliser;;;Synthetic;Non-ionik
C12-13 Pareth-9;Emulsifying;Solubiliser;;;Synthetic;Non-ionik
C12-14 Alketh-12;Emulsifying;Solubiliser;;;Synthetic;Non-ionik
C12-14 Pareth-12;Emulsifying;Solubiliser;;;Synthetic;Non-ionik
C12-15 Alkyl Lactate;Emollient;Solvent;;;Natural Derivative;Non-ionik
C12-20 Alkyl Glucoside;Emulsifying;Cleansing Agent;;;Natural Derivative;Non-ionik
C13-14 Isoparaffin;Solvent;Emollient;;;Synthetic;Non-ionik
C14-22 Alcohols;Viscosity Increasing Agent-Non Aqueous;Emulsion Stabilizer;;;Natural Derivative;Non-ionik
Caesalpinia Spinosa Fruit Pod Extract;Viscosity Increasing Agent-Aqueous;;;;Natural;Non-ionik
Caffeine;Miscellaneous;;;;Natural Derivative;Non-ionik
Calcium Gluconate;Miscellaneous;;;;Natural Derivative;Non-ionik
Calcium Pantothenate;Miscellaneous;;;;Synthetic;Non-ionik
Calendula Officinalis Flower Extract;Miscellaneous;Antioxidant;Allergen;;Natural;Non-ionik
Camellia Japonica Seed Oil;Emollient;;;;Natural;Non-ionik
Camellia Sinensis (Green Tea) Leaf Extract;Antioxidant;Miscellaneous;;;Natural;Non-ionik
Camellia Sinensis Leaf Powder;Abrasive;;;;Natural;Non-ionik
Camellia Sinensis Leaf Water;Miscellaneous;Solvent;;;Natural;Non-ionik
Camellia Sinensis Seed Oil;Emollient;;;;Natural;Non-ionik
Candelilla/Jojoba/Rice Bran Polyglyceryl-3 Esters;Emulsifying;;;;Natural Derivative;Non-ionik
Caprylhydroxamic Acid;Preservative;Chelating Agent;;;Synthetic;Non-ionik
Caprylic/Capric Glycerides Polyglyceryl-10 Esters;Emulsifying;;;;Natural Derivative;Non-ionik
Caprylic/Capric Triglyceride;Emollient;Solvent;Comedogenic;;Natural Derivative;Non-ionik
Capryloyl Salicylic Acid;Miscellaneous;;Exfoliating;Irritant;Synthetic;Non-ionik
Caprylyl Glycol;Preservative;Emollient;;;Natural Derivative;Non-ionik
Caprylyl Methicone;Emollient;;;;Synthetic;Non-ionik
Caprylyl/Capryl Glucoside;Cleansing Agent;Emulsifying;;;Natural Derivative;Non-ionik
Capsicum Frutescens Fruit Extract;Miscellaneous;;Irritant;;Natural;Non-ionik
Caramel;Colorant;;;;Natural Derivative;Non-ionik
Carbomer;Viscosity Increasing Agent-Aqueous;Emulsion Stabilizer;;;Synthetic;Anionik
Carthamus Tinctorius (Safflower) Seed Oil;Emollient;;;;Natural;Non-ionik
Castoryl Maleate;Emollient;;;;Natural Derivative;Non-ionik
Cellulose;Viscosity Increasing Agent-Aqueous;;;;Natural;Non-ionik
Cellulose Gum;Viscosity Increasing Agent-Aqueous;;;;Natural Derivative;Anionik
Centella Asiatica Extract;Miscellaneous;Antioxidant;Allergen;;Natural;Non-ionik
Centella Asiatica Leaf Extract;Miscellaneous;Antioxidant;Allergen;;Natural;Non-ionik
Centella Asiatica Leaf Vesicles;Miscellaneous;;Allergen;;Natural;Non-ionik
Centella Asiatica Leaf Water;Miscellaneous;Solvent;Allergen;;Natural;Non-ionik
Centella Asiatica Leaf/Stem Extract;Miscellaneous;Antioxidant;Allergen;;Natural;Non-ionik
Centella Asiatica Root Extract;Miscellaneous;Antioxidant;Allergen;;Natural;Non-ionik
Ceramide Ap;Miscellaneous;;;;Synthetic;Non-ionik
Ceramide As;Miscellaneous;;;;Synthetic;Non-ionik
Ceramide Eop;Miscellaneous;;;;Synthetic;Non-ionik
Ceramide Np;Miscellaneous;;;;Synthetic;Non-ionik
Ceramide Ns;Miscellaneous;;;;Synthetic;Non-ionik
Cetearyl Alcohol;Emulsion Stabilizer;Viscosity Increasing Agent-Aqueous;;;Natural Derivative;Non-ionik
Cetearyl Dimethicone;Emollient;;;;Synthetic;Non-ionik
Cetearyl Olivate;Emulsifying;Emollient;;;Natural Derivative;Non-ionik
Cetyl Alcohol;Emulsion Stabilizer;Viscosity Increasing Agent-Aqueous;;;Natural Derivative;Non-ionik
Cetyl Ethylhexanoate;Emollient;;Comedogenic;;Synthetic;Non-ionik
Cetyl Hydroxyethylcellulose;Viscosity Increasing Agent-Aqueous;;;;Natural Derivative;Non-ionik
Cetyl-Pg Hydroxyethyl Palmitamide;Miscellaneous;;;;Synthetic;Non-ionik
Chamaecyparis Obtusa Water;Perfum;Miscellaneous;;;Natural;Non-ionik
Chamomilla Recutita (Matricaria) Flower Extract;Miscellaneous;Antioxidant;Allergen;;Natural;Non-ionik
Chamomilla Recutita (Matricaria) Flower Oil;Perfum;Emollient;Allergen;;Natural;Non-ionik
Chlorella Vulgaris Extract;Miscellaneous;Antioxidant;;;Natural;Non-ionik
Chlorphenesin;Preservative;;;;Synthetic;Non-ionik
Cholesterol;Emulsion Stabilizer;Emollient;;;Natural Derivative;Non-ionik
Ci 14720;Colorant;;;;Synthetic;Non-ionik
Ci 15985 (Yellow 6);Colorant;;;;Synthetic;Non-ionik
Ci 16035 (Red 40);Colorant;;;;Synthetic;Non-ionik
Ci 16255;Colorant;;;;Synthetic;Non-ionik
Ci 17200 (Red 33);Colorant;;;;Synthetic;Non-ionik
Ci 18965;Colorant;;;;Synthetic;Non-ionik
Ci 19140;Colorant;;;;Synthetic;Non-ionik
Ci 19140 (Yellow 5);Colorant;;;;Synthetic;Non-ionik
Ci 42090;Colorant;;;;Synthetic;Non-ionik
Ci 61570 (Green 5);Colorant;;;;Synthetic;Non-ionik
Ci 77266 (Black 2);Colorant;;;;Synthetic;Non-ionik
Ci 77288 (Chromium Oxide Green);Colorant;;;;Natural;Non-ionik
Ci 77492 (Iron Oxides Yellow);Colorant;;;;Natural;Non-ionik
Ci 77891 (Titanium Dioxide);Colorant;Sunscreen Agent;;;Natural;Non-ionik
Citral;Perfum;;Allergen;Irritant;Natural Derivative;Non-ionik
Citric Acid;pH Adjuster;Chelating Agent;Irritant;;Natural Derivative;Anionik
Citronellol;Perfum;;Allergen;;Natural Derivative;Non-ionik
Citrullus Vulgaris (Watermelon) Fruit Extract;Miscellaneous;;;;Natural;Non-ionik
Citrus Aurantium Bergamia (Bergamot) Fruit Oil;Perfum;;Fototoxic;Allergen;Natural;Non-ionik
Citrus Aurantium Bergamia (Bergamot) Leaf Extract;Perfum;Antioxidant;Fototoxic;Allergen;Natural;Non-ionik
Citrus Aurantium Dulcis (Orange) Peel Oil;Perfum;;Fototoxic;Allergen;Natural;Non-ionik
Citrus Paradisi (Grapefruit) Peel Oil;Perfum;;Fototoxic;Allergen;Natural;Non-ionik
Citrus Reticulata (Tangerine) Fruit Extract;Perfum;Antioxidant;Allergen;;Natural;Non-ionik
Citrus Reticulata (Tangerine) Peel Extract;Perfum;Antioxidant;Allergen;Fototoxic;Natural;Non-ionik
Citrus Unshiu Peel Powder;Abrasive;;;;Natural;Non-ionik
Cladosiphon Okamuranus Extract;Viscosity Increasing Agent-Aqueous;;;;Natural;Non-ionik
Cocamide Dea;Viscosity Increasing Agent-Aqueous;Foam Booster;Controversial;;Natural Derivative;Non-ionik
Cocamidopropyl Betaine;Cleansing Agent;Viscosity Increasing Agent-Aqueous;Allergen;;Natural Derivative;Amfoterik
Cocamidopropyl Dimethylamine;Hair Conditioning Agent;;;;Natural Derivative;Kationik
Cocamidopropyl Hydroxysultaine;Cleansing Agent;;;;Natural Derivative;Amfoterik
Cocamidopropyl Pg-Dimonium Chloride Phosphate;Hair Conditioning Agent;;;;Synthetic;Kationik
Coccinia Indica Fruit Extract;Miscellaneous;;;;Natural;Non-ionik
Coco-Betaine;Cleansing Agent;;;;Natural Derivative;Amfoterik
Coco-Caprylate/Caprate;Cleansing Agent;Emulsifying;;;Natural Derivative;Non-ionik
Coco-Glucoside;Emollient;Solvent;;;Natural Derivative;Non-ionik
Coffea Arabica (Coffee) Seed Extract;Antioxidant;Miscellaneous;;;Natural;Non-ionik
Collagen Amino Acids;Miscellaneous;Humectant;;;Natural Derivative;Amfoterik
Collagen Extract;Miscellaneous;Film Forming Agent;;;Natural Derivative;Amfoterik
Collagen Water;Miscellaneous;Humectant;;;Natural Derivative;Amfoterik
Copper Tripeptide-1;Miscellaneous;;;;Synthetic;Non-ionik
Coptis Japonica Root Extract;Miscellaneous;Antioxidant;;;Natural;Non-ionik
Corallina Officinalis Extract;Miscellaneous;;;;Natural;Non-ionik
Corchorus Olitorius Leaf Extract;Miscellaneous;;;;Natural;Non-ionik
Coriandrum Sativum (Coriander) Extract;Miscellaneous;Antioxidant;Allergen;;Natural;Non-ionik
Crocus Sativus Flower Extract;Miscellaneous;Antioxidant;;;Natural;Non-ionik
Cryptomeria Japonica Leaf Extract;Perfum;Miscellaneous;;;Natural;Non-ionik
Cucumis Melo (Melon) Fruit Extract;Miscellaneous;;;;Natural;Non-ionik
Curcuma Longa (Turmeric) Root Extract;Antioxidant;Colorant;Staining;;Natural;Non-ionik
Cyanocobalamin;Colorant;Miscellaneous;;;Synthetic;Non-ionik
Cyclodextrin;Solubiliser;;;;Natural Derivative;Non-ionik
Cyclohexasiloxane;Solvent;Emollient;;;Synthetic;Non-ionik
Cyclopentasiloxane;Solvent;Emollient;;;Synthetic;Non-ionik
Cymbopogon Citratus Leaf Oil;Perfum;;Allergen;Irritant;Natural;Non-ionik
Cynara Scolymus (Artichoke) Leaf Extract;Miscellaneous;Antioxidant;;;Natural;Non-ionik
Cyperus Rotundus Root Extract;Miscellaneous;;;;Natural;Non-ionik
Cysteine;Miscellaneous;;;;Natural Derivative;Amfoterik
Daucus Carota Sativa (Carrot) Root Extract;Miscellaneous;Antioxidant;;;Natural;Non-ionik
Decyl Glucoside;Cleansing Agent;;;;Natural Derivative;Non-ionik
Defatted Rice Bran;Miscellaneous;;;;Natural;Non-ionik
Defatted Rice Bran Extract;Miscellaneous;;;;Natural;Non-ionik
Deoxyphytantriyl Palmitamide Mea;Emollient;;;;Synthetic;Kationik
Dextrin;Viscosity Increasing Agent-Aqueous;;;;Natural Derivative;Non-ionik
Dibutyl Adipate;Solvent;Emollient;;;Synthetic;Non-ionik
Diethoxyethyl Succinate;Emollient;Solvent;;;Synthetic;Non-ionik
Diethylamino Hydroxybenzoyl Hexyl Benzoate;Sunscreen Agent;;;;Synthetic;Non-ionik
Diethylhexyl Syringylidenemalonate;Antioxidant;;;;Synthetic;Anionik
Diglucosyl Gallic Acid;Antioxidant;;;;Synthetic;Non-ionik
Diglycerin;Humectant;;;;Natural Derivative;Non-ionik
Dihydroxypropyl Arginine Hcl;Hair Conditioning Agent;;;;Synthetic;Kationik
Diisopropyl Adipate;Emollient;Solvent;;;Synthetic;Non-ionik
Dimethicone;Emollient;Occlusive;;;Synthetic;Non-ionik
Dimethicone/Vinyl Dimethicone Crosspolymer;Viscosity Increasing Agent-Non Aqueous;;;;Synthetic;Non-ionik
Dimethiconol;Emollient;Occlusive;;;Synthetic;Non-ionik
Dimethyl Isosorbide;Solvent;;;;Synthetic;Non-ionik
Dimethylmethoxy Chromanol;Antioxidant;;;;Synthetic;Non-ionik
Dimethylsilanol Hyaluronate;Humectant;;;;Synthetic;Non-ionik
Dioscorea Japonica Root Extract;Miscellaneous;;;;Natural;Non-ionik
Dipeptide Diaminobutyroyl Benzylamide Diacetate;Miscellaneous;;;;Synthetic;Kationik
Diphenyl Dimethicone;Emollient;;;;Synthetic;Non-ionik
Diphenylsiloxy Phenyl Trimethicone;Emollient;;;;Synthetic;Non-ionik
Dipotassium Glycyrrhizate;Miscellaneous;;;;Natural Derivative;Anionik
Dipropylene Glycol;Solvent;Humectant;;;Synthetic;Non-ionik
Disiloxane;Solvent;Emollient;;;Synthetic;Non-ionik
Disodium Cocoyl Glutamate;Cleansing Agent;;;;Natural Derivative;Anionik
Disodium Edta;Chelating Agent;;;;Synthetic;Anionik
Disodium Phosphate;pH Adjuster;;;;Synthetic;Anionik
Ecklonia Cava Extract;Antioxidant;;;;Natural;Non-ionik
Ectoin;Miscellaneous;;;;Synthetic;Amfoterik
Elaeis Guineensis (Palm) Oil;Emollient;;Comedogenic;;Natural;Non-ionik
Eriobotrya Japonica Leaf Extract;Miscellaneous;;;;Natural;Non-ionik
Erythritol;Humectant;;;;Natural Derivative;Non-ionik
Ethanol;Solvent;Astringent;Drying;Irritant;Natural Derivative;Non-ionik
Ethyl Ascorbic Acid;Antioxidant;;;;Synthetic;Non-ionik
Ethyl Ascorbyl Ether;Antioxidant;;;;Synthetic;Non-ionik
Ethyl Hexanediol;Solvent;;;;Synthetic;Non-ionik
Ethyl Menthane Carboxamide;Miscellaneous (Cooling Agent);;;;Synthetic;Non-ionik
Ethylhexyl Methoxycinnamate;Sunscreen Agent;;Controversial;Allergen;Synthetic;Non-ionik
Ethylhexyl Salicylate;Sunscreen Agent;;;;Synthetic;Non-ionik
Ethylhexylglycerin;Preservative;;;;Natural Derivative;Non-ionik
Eucalyptus Globulus Leaf Extract;Perfum;Miscellaneous;Allergen;Irritant;Natural;Non-ionik
Farnesol;Perfum;;Allergen;;Natural Derivative;Non-ionik
Ferulic Acid;Antioxidant;;;;Natural Derivative;Non-ionik
Ficus Carica (Fig) Fruit Extract;Miscellaneous;;;;Natural;Non-ionik
Folic Acid;Miscellaneous;;;;Synthetic;Non-ionik
Fomes Officinalis (Mushroom) Extract;Miscellaneous;Antioxidant;;;Natural;Non-ionik
Fructan;Humectant;;;;Natural Derivative;Non-ionik
Fructooligosaccharides;Humectant;;;;Natural Derivative;Non-ionik
Fructose;Humectant;;;;Natural Derivative;Non-ionik
Galactomyces Ferment Filtrate;Miscellaneous;;;;Natural Derivative;Non-ionik
Gardenia Florida Fruit Extract;Miscellaneous;;;;Natural;Non-ionik
Gaultheria Procumbens (Wintergreen) Leaf Extract;Perfum;;Allergen;Irritant;Natural;Non-ionik
Gentiana Scabra Extract;Miscellaneous;Antioxidant;;;Natural;Non-ionik
Geraniol;Perfum;;Allergen;;Natural Derivative;Non-ionik
Gluconolactone;Miscellaneous;;Exfoliating;Irritant;Natural Derivative;Non-ionik
Glucose;Humectant;;;;Natural Derivative;Non-ionik
Glutamic Acid;Miscellaneous;Humectant;;;Natural Derivative;Amfoterik
Glutathione;Antioxidant;;;;Natural Derivative;Amfoterik
Glycereth-25 Pca Isostearate;Emollient;;;;Synthetic;Non-ionik
Glycereth-26;Humectant;Solvent;;;Synthetic;Non-ionik
Glycerin;Humectant;;;;Natural Derivative;Non-ionik
Glyceryl Acrylate/Acrylic Acid Copolymer;Viscosity Increasing Agent-Aqueous;;;;Synthetic;Anionik
Glyceryl Caprylate;Emollient;Preservative;;;Natural Derivative;Non-ionik
Glyceryl Glucoside;Humectant;;;;Natural Derivative;Non-ionik
Glyceryl Oleate;Emulsifying;Emollient;Comedogenic;;Natural Derivative;Non-ionik
Glyceryl Polymethacrylate;Viscosity Increasing Agent-Aqueous;Film Forming Agent;;;Synthetic;Non-ionik
Glyceryl Stearate;Emulsifying;Emulsion Stabilizer;Comedogenic;;Natural Derivative;Non-ionik
Glyceryl Stearate Citrate;Emulsifying;;;;Natural Derivative;Anionik
Glyceryl Stearate Se;Emulsifying;Emulsion Stabilizer;Comedogenic;;Natural Derivative;Non-ionik
Glycine;Miscellaneous;Humectant;;;Natural Derivative;Amfoterik
Glycine Soja (Soybean) Oil;Emollient;;Comedogenic;Allergen;Natural;Non-ionik
Glycine Soja (Soybean) Seed Extract;Miscellaneous;Antioxidant;Allergen;;Natural;Non-ionik
Glycine Soja (Soybean) Sterols;Emollient;Emulsion Stabilizer;;;Natural Derivative;Non-ionik
Glycol Distearate;Opacifying Agent;Emollient;;;Natural Derivative;Non-ionik
Glycolic Acid;Miscellaneous;;Exfoliating;Irritant;Natural Derivative;Non-ionik
Glycolipids;Miscellaneous;Emollient;;;Natural Derivative;Non-ionik
Glycoproteins;Miscellaneous;;;;Natural Derivative;Amfoterik
Glycosphingolipids;Miscellaneous;;;;Natural Derivative;Non-ionik
Glycosyl Trehalose;Humectant;;;;Natural Derivative;Non-ionik
Glycyrrhiza Glabra (Licorice) Root Extract;Miscellaneous;Antioxidant;;;Natural;Non-ionik
Glycyrrhiza Uralensis (Licorice) Root Extract;Miscellaneous;Antioxidant;;;Natural;Non-ionik
Glyoxal;Preservative;;Irritant;Allergen;Synthetic;Non-ionik
Haematococcus Pluvialis Extract;Colorant;Antioxidant;;;Natural;Non-ionik
Hamamelis Virginiana (Witch Hazel) Extract;Astringent;Antioxidant;Drying;Irritant;Natural;Non-ionik
Hamamelis Virginiana (Witch Hazel) Leaf Extract;Astringent;Antioxidant;Drying;Irritant;Natural;Non-ionik
Hamamelis Virginiana Leaf Water;Astringent;Solvent;Drying;Irritant;Natural;Non-ionik
Hectorite;Viscosity Increasing Agent-Aqueous;;;;Natural;Anionik
Hedera Helix (Ivy) Leaf/Stem Extract;Miscellaneous;;Irritant;;Natural;Non-ionik
Helianthus Annuus (Sunflower) Seed Oil;Emollient;;;;Natural;Non-ionik
Helianthus Annuus (Sunflower) Sprout Extract;Miscellaneous;Antioxidant;;;Natural;Non-ionik
Helianthus Annuus Sprout Extract;Miscellaneous;Antioxidant;;;Natural;Non-ionik
Hexadecene;Emollient;Solvent;;;Synthetic;Non-ionik
Hexapeptide-11;Miscellaneous;;;;Synthetic;Non-ionik
Hexapeptide-12;Miscellaneous;;;;Synthetic;Non-ionik
Hexapeptide-2;Miscellaneous;;;;Synthetic;Non-ionik
Hexapeptide-67 Palmitate;Miscellaneous;;;;Synthetic;Non-ionik
Hexapeptide-9;Miscellaneous;;;;Synthetic;Non-ionik
Hexyl Cinnamal;Perfum;;Allergen;;Natural Derivative;Non-ionik
Hexyl Laurate;Emollient;Solvent;;;Natural Derivative;Non-ionik
Hibiscus Esculentus Fruit Extract;Miscellaneous;;;;Natural;Non-ionik
Hippophae Rhamnoides (Sea Buckthorn) Fruit Oil;Emollient;Antioxidant;Staining;;Natural;Non-ionik
Histidine;Miscellaneous;Humectant;;;Natural Derivative;Amfoterik
Hordeum Vulgare Extract;Miscellaneous;;;;Natural;Non-ionik
Houttuynia Cordata Extract;Miscellaneous;Antioxidant;;;Natural;Non-ionik
Hyaluronic Acid;Humectant;;;;Natural Derivative;Anionik
Hydrated Silica;Abrasive;Viscosity Increasing Agent-Aqueous;;;Natural;Non-ionik
Hydrogenated Lecithin;Emulsifying;Emollient;;;Natural Derivative;Amfoterik
Hydrogenated Palm Acid;Emulsifying;Viscosity Increasing Agent-Non Aqueous;;;Natural Derivative;Anionik
Hydrogenated Palm Glycerides Citrate;Emulsifying;;;;Natural Derivative;Anionik
Hydrogenated Poly(C6-14 Olefin);Emollient;;;;Synthetic;Non-ionik
Hydrogenated Polyisobutene;Emollient;Viscosity Increasing Agent-Non Aqueous;;;Synthetic;Non-ionik
Hydrogenated Starch Hydrolysate;Humectant;;;;Natural Derivative;Non-ionik
Hydrolyzed Algae Extract;Miscellaneous;Humectant;;;Natural Derivative;Amfoterik
Hydrolyzed Algin;Viscosity Increasing Agent-Aqueous;Humectant;;;Natural Derivative;Anionik
Hydrolyzed Collagen;Miscellaneous;Humectant;;;Natural Derivative;Amfoterik
Hydrolyzed Elastin;Miscellaneous;Humectant;;;Natural Derivative;Amfoterik
Hydrolyzed Gardenia Florida Extract;Miscellaneous;;;;Natural Derivative;Non-ionik
Hydrolyzed Ginseng Saponins;Miscellaneous;;;;Natural Derivative;Non-ionik
Hydrolyzed Glycosaminoglycans;Humectant;Miscellaneous;;;Natural Derivative;Anionik
Hydrolyzed Hyaluronic Acid;Humectant;;;;Natural Derivative;Anionik
Hydrolyzed Malt Extract;Humectant;;;;Natural Derivative;Non-ionik
Hydrolyzed Rice Protein;Miscellaneous;;;;Natural Derivative;Amfoterik
Hydrolyzed Sclerotium Gum;Viscosity Increasing Agent-Aqueous;Humectant;;;Natural Derivative;Non-ionik
Hydrolyzed Silk;Miscellaneous;Humectant;;;Natural Derivative;Amfoterik
Hydrolyzed Sodium Hyaluronate;Humectant;;;;Natural Derivative;Anionik
Hydrolyzed Soybean Extract;Miscellaneous;;Allergen;;Natural Derivative;Amfoterik
Hydrolyzed Sponge;Miscellaneous;;;;Natural Derivative;Non-ionik
Hydrolyzed Vegetable Protein;Miscellaneous;Humectant;Allergen;;Natural Derivative;Amfoterik
Hydrolyzed Viola Tricolor Extract;Miscellaneous;;;;Natural Derivative;Non-ionik
Hydroxyacetophenone;Antioxidant;Preservative;;;Synthetic;Non-ionik
Hydroxyethyl Acrylate/Sodium Acryloyldimethyl Taurate Copolymer;Viscosity Increasing Agent-Aqueous;Emulsion Stabilizer;;;Synthetic;Anionik
Hydroxyethyl Urea;Humectant;;;;Synthetic;Non-ionik
Hydroxyethylcellulose;Viscosity Increasing Agent-Aqueous;;;;Natural Derivative;Non-ionik
Hydroxylated Lanolin;Emollient;;Allergen;;Natural Derivative;Non-ionik
Hydroxyphenyl Propamidobenzoic Acid;Sunscreen Agent;;;;Synthetic;Non-ionik
Hydroxypropyl Cyclodextrin;Solubiliser;;;;Natural Derivative;Non-ionik
Hydroxypropyl Starch Phosphate;Viscosity Increasing Agent-Aqueous;;;;Natural Derivative;Anionik
Hydroxypropyl Tetrahydropyrantriol;Miscellaneous;;;;Synthetic;Non-ionik
Hydroxypropyltrimonium Chloride;Hair Conditioning Agent;;;;Synthetic;Kationik
Hydroxypropyltrimonium Hyaluronate;Humectant;Hair Conditioning Agent;;;Synthetic;Kationik
Hypochlorous Acid;Preservative;;Irritant;;Synthetic;Non-ionik
Illicium Verum (Anise) Fruit Extract;Perfum;;Allergen;;Natural;Non-ionik
Imidazolidinyl Urea;Preservative;;Allergen;;Synthetic;Non-ionik
Iris Florentina Root Extract;Perfum;Miscellaneous;Allergen;;Natural;Non-ionik
Isododecane;Solvent;Emollient;;;Synthetic;Non-ionik
Isoleucine;Miscellaneous;Humectant;;;Natural Derivative;Amfoterik
Isopentyldiol;Solvent;Humectant;;;Synthetic;Non-ionik
Jojoba Esters;Emollient;Viscosity Increasing Agent-Non Aqueous;;;Natural Derivative;Non-ionik
Juniperus Mexicana Oil;Perfum;;Allergen;;Natural;Non-ionik
Juniperus Virginiana Oil;Perfum;;Allergen;;Natural;Non-ionik
Kaolin;Miscellaneous (Absorbent);Viscosity Increasing Agent-Aqueous;Drying;;Natural;Anionik
Kojic Acid;Miscellaneous;Antioxidant;Irritant;;Natural Derivative;Non-ionik
Lactic Acid;Miscellaneous;pH Adjuster;Exfoliating;Irritant;Natural Derivative;Non-ionik
Lactobacillus Ferment;Miscellaneous;;;;Natural Derivative;Non-ionik
Lactobacillus Ferment Lysate;Miscellaneous;;;;Natural Derivative;Non-ionik
Lactobacillus/Soymilk Ferment Filtrate;Miscellaneous;;;;Natural Derivative;Non-ionik
Lactobionic Acid;Miscellaneous;Humectant;Exfoliating;Irritant;Natural Derivative;Non-ionik
Lactococcus Ferment Lysate;Miscellaneous;;;;Natural Derivative;Non-ionik
Laminaria Digitata Extract;Miscellaneous;Viscosity Increasing Agent-Aqueous;;;Natural;Non-ionik
Laurdimonium Hydroxypropyl Hydrolyzed Wheat Protein;Hair Conditioning Agent;;;;Natural Derivative;Kationik
Laureth-3;Solubiliser;Emulsifying;;;Synthetic;Non-ionik
Laureth-7;Solubiliser;Emulsifying;;;Synthetic;Non-ionik
Lauric Acid;Cleansing Agent;Emulsifying;Comedogenic;Irritant;Natural Derivative;Non-ionik
Lauryl Glucoside;Cleansing Agent;Emulsifying;;;Natural Derivative;Non-ionik
Lauryl Hydroxysultaine;Cleansing Agent;;;;Natural Derivative;Amfoterik
Lavandula Angustifolia (Lavender) Oil;Perfum;;Allergen;;Natural;Non-ionik
Lavandula Angustifolia Water;Perfum;Solvent;Allergen;;Natural;Non-ionik
Lavandula Hybrida Oil;Perfum;;Allergen;;Natural;Non-ionik
Lecithin;Emulsifying;Emollient;Allergen;;Natural Derivative;Amfoterik
Leucine;Miscellaneous;Humectant;;;Natural Derivative;Amfoterik
Lilium Candidum Bulb Extract;Miscellaneous;;Allergen;;Natural;Non-ionik
Lilium Tigrinum Bulb Extract;Miscellaneous;;Allergen;;Natural;Non-ionik
Limonene;Perfum;Solvent;Allergen;;Natural Derivative;Non-ionik
Linalool;Perfum;;Allergen;;Natural Derivative;Non-ionik
Linoleamidopropyl Pg-Dimonium Chloride Phosphate;Hair Conditioning Agent;;;;Synthetic;Kationik
Lycium Chinense Fruit Extract;Miscellaneous;Antioxidant;;;Natural;Non-ionik
Lysine;Miscellaneous;Humectant;;;Natural Derivative;Amfoterik
Lysine Hcl;Miscellaneous;Humectant;;;Natural Derivative;Kationik
Macadamia Ternifolia Seed Oil;Emollient;;;;Natural;Non-ionik
Madecassic Acid;Miscellaneous;;;;Natural;Non-ionik
Madecassoside;Miscellaneous;;;;Natural;Non-ionik
Magnesium Ascorbyl Phosphate;Antioxidant;;;;Synthetic;Anionik
Magnesium Chloride;Viscosity Controlling;;;;Natural;Non-ionik
Magnesium Lactate;Miscellaneous;;;;Natural Derivative;Non-ionik
Malic Acid;Miscellaneous;pH Adjuster;Exfoliating;Irritant;Natural Derivative;Non-ionik
Malt Extract;Humectant;Miscellaneous;;;Natural Derivative;Non-ionik
Maltodextrin;Viscosity Increasing Agent-Aqueous;;;;Natural Derivative;Non-ionik
Maltooligosyl Glucoside;Humectant;;;;Natural Derivative;Non-ionik
Maltose;Humectant;;;;Natural Derivative;Non-ionik
Malus Domestica Fruit Cell Culture Extract;Miscellaneous;Antioxidant;;;Natural;Non-ionik
Malus Domestica Fruit Extract;Miscellaneous;Antioxidant;;;Natural;Non-ionik
Mandelic Acid;Miscellaneous;;Exfoliating;Irritant;Natural Derivative;Non-ionik
Mangifera Indica (Mango) Fruit Extract;Miscellaneous;;Allergen;;Natural;Non-ionik
Mannitol;Humectant;;;;Natural Derivative;Non-ionik
Maris Aqua (Sea Water);Miscellaneous;Solvent;Drying;;Natural;Non-ionik
Mel (Honey) Extract;Humectant;Miscellaneous;Allergen;;Natural;Non-ionik
Melaleuca Alternifolia (Tea Tree) Leaf Extract;Miscellaneous;;Allergen;Irritant;Natural;Non-ionik
Melaleuca Alternifolia (Tea Tree) Leaf Oil;Perfum;Miscellaneous;Allergen;Irritant;Natural;Non-ionik
Melaleuca Alternifolia (Tea Tree) Leaf Water;Miscellaneous;Solvent;Allergen;Irritant;Natural;Non-ionik
Melanin;Colorant;Antioxidant;;;Natural Derivative;Non-ionik
Melia Azadirachta Flower Extract;Miscellaneous;;;;Natural;Non-ionik
Melia Azadirachta Leaf Extract;Miscellaneous;;;;Natural;Non-ionik
Melissa Officinalis Leaf Oil;Perfum;;Allergen;;Natural;Non-ionik
Mentha Piperita (Peppermint) Oil;Perfum;;Allergen;Irritant;Natural;Non-ionik
Mentha Viridis (Spearmint) Extract;Perfum;;Allergen;Irritant;Natural;Non-ionik
Menthyl Lactate;Miscellaneous (Cooling Agent);;;;Synthetic;Non-ionik
Methionine;Miscellaneous;;;;Natural Derivative;Amfoterik
Methoxy PEG-114/Poly(Epsilon-Caprolactone);Emulsifying;;;;Synthetic;Non-ionik
Methyl Diisopropyl Propionamide;Miscellaneous (Cooling Agent);;;;Synthetic;Non-ionik
Methyl Gluceth-10;Humectant;;;;Synthetic;Non-ionik
Methyl Gluceth-20;Humectant;;;;Synthetic;Non-ionik
Methyl Glucose Sesquistearate;Emulsifying;;;;Natural Derivative;Non-ionik
Methyl Trimethicone;Emollient;;;;Synthetic;Non-ionik
Methylchloroisothiazolinone;Preservative;;Allergen;Irritant;Synthetic;Non-ionik
Methylisothiazolinone;Preservative;;Allergen;Irritant;Synthetic;Non-ionik
Methylpropanediol;Solvent;Humectant;;;Synthetic;Non-ionik
Mica;Colorant;;;;Natural;Non-ionik
Microcrystalline Cellulose;Viscosity Increasing Agent-Aqueous;;;;Natural Derivative;Non-ionik
Milk Protein Extract;Miscellaneous;;Allergen;;Natural Derivative;Amfoterik
Morinda Citrifolia Flower Extract;Miscellaneous;;;;Natural;Non-ionik
Morinda Citrifolia Leaf Extract;Miscellaneous;;;;Natural;Non-ionik
Moringa Oleifera Seed Oil;Emollient;;;;Natural;Non-ionik
Morus Alba Leaf Extract;Miscellaneous;;;;Natural;Non-ionik
Morus Alba Root Extract;Miscellaneous;;;;Natural;Non-ionik
Myrciaria Dubia Fruit Extract;Antioxidant;;;;Natural;Non-ionik
Myristic Acid;Cleansing Agent;Emulsifying;Comedogenic;Irritant;Natural Derivative;Non-ionik
Myristoyl Pentapeptide-17;Miscellaneous;;;;Synthetic;Non-ionik
Myristyl Glucoside;Cleansing Agent;Emulsifying;;;Natural Derivative;Non-ionik
Nelumbo Nucifera Flower Extract;Miscellaneous;Antioxidant;;;Natural;Non-ionik
Nelumbo Nucifera Germ Extract;Miscellaneous;Antioxidant;;;Natural;Non-ionik
Nelumbo Nucifera Leaf Extract;Miscellaneous;Antioxidant;;;Natural;Non-ionik
Nelumbo Nucifera Root Extract;Miscellaneous;Antioxidant;;;Natural;Non-ionik
Nephrite Powder;Abrasive;;;;Natural;Non-ionik
Niacinamide;Miscellaneous;Antioxidant;;;Synthetic;Non-ionik
Nicotinoyl Dipeptide-22;Miscellaneous;;;;Synthetic;Non-ionik
Nicotinoyl Dipeptide-23;Miscellaneous;;;;Synthetic;Non-ionik
Nicotinoyl Dipeptide-24;Miscellaneous;;;;Synthetic;Non-ionik
Nicotinoyl Tripeptide-1;Miscellaneous;;;;Synthetic;Non-ionik
Nonapeptide-1;Miscellaneous;;;;Synthetic;Non-ionik
Nymphaea Alba Flower Extract;Miscellaneous;;;;Natural;Non-ionik
O-Cymen-5-Ol;Preservative;;;;Synthetic;Non-ionik
Ocimum Sanctum Leaf Extract;Miscellaneous;Antioxidant;;;Natural;Non-ionik
Octapeptide-2;Miscellaneous;;;;Synthetic;Non-ionik
Octyldodeceth-16;Emulsifying;Solubiliser;;;Synthetic;Non-ionik
Oenothera Biennis (Evening Primrose) Flower Extract;Miscellaneous;;;;Natural;Non-ionik
Olea Europaea (Olive) Fruit Oil;Emollient;;Comedogenic;;Natural;Non-ionik
Olea Europaea (Olive) Leaf Extract;Miscellaneous;Antioxidant;;;Natural;Non-ionik
Oleic Acid;Emollient;Emulsifying;Comedogenic;;Natural Derivative;Non-ionik
Oligopeptide-1;Miscellaneous;;;;Synthetic;Non-ionik
Oligopeptide-2;Miscellaneous;;;;Synthetic;Non-ionik
Oligopeptide-3;Miscellaneous;;;;Synthetic;Non-ionik
Oryza Sativa (Rice) Bran Extract;Miscellaneous;Antioxidant;;;Natural;Non-ionik
Oryza Sativa (Rice) Bran Oil;Emollient;;;;Natural;Non-ionik
Oryza Sativa (Rice) Bran Water;Miscellaneous;Solvent;;;Natural;Non-ionik
Oryza Sativa (Rice) Extract;Miscellaneous;;;;Natural;Non-ionik
Oryza Sativa (Rice) Seed Protein;Miscellaneous;;;;Natural Derivative;Amfoterik
PEG-100 Stearate;Emulsifying;;;;Synthetic;Non-ionik
PEG-12 Dimethicone Crosspolymer;Viscosity Increasing Agent-Aqueous;;;;Synthetic;Non-ionik
PEG-150;Humectant;Solvent;;;Synthetic;Non-ionik
PEG-40 Hydrogenated Castor Oil;Solubiliser;Emulsifying;;;Synthetic;Non-ionik
PEG-40 Stearate;Emulsifying;;;;Synthetic;Non-ionik
PEG-400;Humectant;Solvent;;;Synthetic;Non-ionik
PEG-60 Hydrogenated Castor Oil;Solubiliser;Emulsifying;;;Synthetic;Non-ionik
PEG-8;Solvent;Humectant;;;Synthetic;Non-ionik
PEG-80 Sorbitan Laurate;Emulsifying;Solubiliser;;;Synthetic;Non-ionik
PEG-90M;Viscosity Increasing Agent-Aqueous;;;;Synthetic;Non-ionik
PEG/PPG-14/7 Dimethyl Ether;Solvent;Humectant;;;Synthetic;Non-ionik
PEG/PPG-17/6 Copolymer;Solvent;Humectant;;;Synthetic;Non-ionik
PEG/PPG/Polybutylene Glycol-8/5/3 Glycerin;Humectant;Solvent;;;Synthetic;Non-ionik
PPG-13-Decyltetradeceth-24;Emulsifying;;;;Synthetic;Non-ionik
PPG-26-Buteth-26;Solvent;Humectant;;;Synthetic;Non-ionik
Pachyrhizus Erosus Root Extract;Miscellaneous;;;;Natural;Non-ionik
Paeonia Lactiflora Root Extract;Miscellaneous;Antioxidant;;;Natural;Non-ionik
Paeonia Suffruticosa Root Extract;Miscellaneous;Antioxidant;;;Natural;Non-ionik
Palmitic Acid;Emulsifying;;Comedogenic;;Natural Derivative;Non-ionik
Palmitoyl Grape Seed Extract;Antioxidant;Emollient;;;Natural Derivative;Non-ionik
Palmitoyl Oligopeptide;Miscellaneous;;;;Synthetic;Non-ionik
Palmitoyl Pentapeptide-4;Miscellaneous;;;;Synthetic;Non-ionik
Palmitoyl Tetrapeptide-7;Miscellaneous;;;;Synthetic;Non-ionik
Palmitoyl Tripeptide-1;Miscellaneous;;;;Synthetic;Non-ionik
Palmitoyl Tripeptide-5;Miscellaneous;;;;Synthetic;Non-ionik
Panax Ginseng Flower Extract;Miscellaneous;Antioxidant;;;Natural;Non-ionik
Panax Ginseng Leaf/Stem Extract;Miscellaneous;Antioxidant;;;Natural;Non-ionik
Panax Ginseng Root Extract;Miscellaneous;Antioxidant;;;Natural;Non-ionik
Panax Ginseng Root Water;Miscellaneous;Solvent;;;Natural;Non-ionik
Panax Ginseng Seed Oil;Emollient;;;;Natural;Non-ionik
Panthenol;Miscellaneous;Humectant;;;Synthetic;Non-ionik
Pantothenic Acid;Miscellaneous;;;;Synthetic;Non-ionik
Papain;Miscellaneous;;Exfoliating;Irritant;Natural;Non-ionik
Parfum;Perfum;;Allergen;Sensitizer;Synthetic;Non-ionik
Pelargonium Graveolens Flower Oil;Perfum;;Allergen;;Natural;Non-ionik
Pentaerythrityl Tetra-Di-T-Butyl Hydroxyhydrocinnamate;Antioxidant;;;;Synthetic;Non-ionik
Pentaerythrityl Tetraethylhexanoate;Emollient;;;;Synthetic;Non-ionik
Pentapeptide-13;Miscellaneous;;;;Synthetic;Non-ionik
Pentylene Glycol;Solvent;Humectant;;;Synthetic;Non-ionik
Persea Gratissima (Avocado) Oil;Emollient;;Comedogenic;;Natural;Non-ionik
Phellinus Linteus Extract;Miscellaneous;Antioxidant;;;Natural;Non-ionik
Phenethyl Alcohol;Perfum;Preservative;Allergen;;Synthetic;Non-ionik
Phenoxyethanol;Preservative;;;;Synthetic;Non-ionik
Phenyl Trimethicone;Emollient;;;;Synthetic;Non-ionik
Phenylalanine;Miscellaneous;;;;Natural Derivative;Amfoterik
Phenylethyl Resorcinol;Miscellaneous;Antioxidant;;;Synthetic;Non-ionik
Phosphatidylcholine;Emulsifying;Emollient;;;Natural Derivative;Amfoterik
Phytic Acid;Antioxidant;Chelating Agent;;;Natural Derivative;Anionik
Phytosphingosine;Miscellaneous;;;;Natural Derivative;Amfoterik
Phytosterols;Emollient;Emulsion Stabilizer;;;Natural Derivative;Non-ionik
Phytosteryl/Octyldodecyl Lauroyl Glutamate;Emollient;;;;Natural Derivative;Anionik
Pinus Densiflora Leaf Extract;Perfum;Miscellaneous;;;Natural;Non-ionik
Pinus Palustris Leaf Extract;Perfum;Miscellaneous;;;Natural;Non-ionik
Pinus Sylvestris Bud Extract;Perfum;Miscellaneous;;;Natural;Non-ionik
Pogostemon Cablin Oil;Perfum;;Allergen;;Natural;Non-ionik
Polyacrylamide;Viscosity Increasing Agent-Aqueous;;;;Synthetic;Non-ionik
Polyacrylate Crosspolymer-6;Viscosity Increasing Agent-Aqueous;;;;Synthetic;Anionik
Polyacrylate-13;Viscosity Increasing Agent-Aqueous;;;;Synthetic;Anionik
Polyglutamic Acid;Humectant;;;;Natural Derivative;Anionik
Polyglycerin-10;Humectant;;;;Natural Derivative;Non-ionik
Polyglycerin-3;Humectant;;;;Natural Derivative;Non-ionik
Polyglyceryl-10 Laurate;Emulsifying;;;;Natural Derivative;Non-ionik
Polyglyceryl-10 Myristate;Emulsifying;;;;Natural Derivative;Non-ionik
Polyglyceryl-10 Oleate;Emulsifying;;;;Natural Derivative;Non-ionik
Polyglyceryl-10 Stearate;Emulsifying;;;;Natural Derivative;Non-ionik
Polyglyceryl-3 Distearate;Emulsifying;Opacifying Agent;;;Natural Derivative;Non-ionik
Polyglyceryl-3 Methylglucose Distearate;Emulsifying;;;;Natural Derivative;Non-ionik
Polyglyceryl-4 Laurate;Emulsifying;;;;Natural Derivative;Non-ionik
Polyglyceryl-4 Punicate;Emollient;;;;Natural Derivative;Non-ionik
Polyglyceryl-6 Distearate;Emulsifying;;;;Natural Derivative;Non-ionik
Polyglyceryl-6 Laurate;Emulsifying;;;;Natural Derivative;Non-ionik
Polygonatum Odoratum Rhizome Extract;Miscellaneous;;;;Natural;Non-ionik
Polyisobutene;Viscosity Increasing Agent-Non Aqueous;Emollient;;;Synthetic;Non-ionik
Polymethyl Methacrylate;Miscellaneous (Bulking Agent);;;;Synthetic;Non-ionik
Polyquaternium-10;Hair Conditioning Agent;Viscosity Increasing Agent-Aqueous;;;Synthetic;Kationik
Polyquaternium-112;Hair Fixative;;;;Synthetic;Kationik
Polyquaternium-51;Hair Conditioning Agent;;;;Synthetic;Kationik
Polyquaternium-67;Hair Fixative;;;;Synthetic;Kationik
Polyquaternium-7;Hair Conditioning Agent;;;;Synthetic;Kationik
Polysorbate 20;Emulsifying;Solubiliser;;;Synthetic;Non-ionik
Polysorbate 60;Emulsifying;Solubiliser;;;Synthetic;Non-ionik
Polysorbate 80;Emulsifying;Solubiliser;;;Synthetic;Non-ionik
Portulaca Oleracea Extract;Miscellaneous;;;;Natural;Non-ionik
Potassium Benzoate;Preservative;;;;Synthetic;Anionik
Potassium Cetyl Phosphate;Emulsifying;;;;Natural Derivative;Anionik
Potassium Chloride;Viscosity Controlling;;;;Natural;Non-ionik
Potassium Cocoate;Cleansing Agent;;;;Natural Derivative;Anionik
Potassium Cocoyl Glutamate;Cleansing Agent;;;;Natural Derivative;Anionik
Potassium Cocoyl Glycinate;Cleansing Agent;;;;Natural Derivative;Anionik
Potassium Hyaluronate;Humectant;;;;Natural Derivative;Anionik
Potassium Hydroxide;pH Adjuster;;Irritant;;Synthetic;Non-ionik
Potassium Lactate;Humectant;;;;Natural Derivative;Non-ionik
Potassium Phosphate;pH Adjuster;;;;Synthetic;Anionik
Potassium Sorbate;Preservative;;;;Synthetic;Anionik
Potentilla Anserina Extract;Miscellaneous;;;;Natural;Non-ionik
Proline;Miscellaneous;Humectant;;;Natural Derivative;Amfoterik
Propanediol;Solvent;Humectant;;;Synthetic;Non-ionik
Propylene Glycol;Solvent;Humectant;;;Synthetic;Non-ionik
Protease;Miscellaneous;;Exfoliating;Irritant;Natural;Non-ionik
Prunus Amygdalus Dulcis (Sweet Almond) Oil;Emollient;;Allergen;;Natural;Non-ionik
Prunus Mume Fruit Water;Miscellaneous;Solvent;;;Natural;Non-ionik
Prunus Persica (Peach) Flower Extract;Miscellaneous;;Allergen;;Natural;Non-ionik
Prunus Persica (Peach) Fruit Extract;Miscellaneous;;Allergen;;Natural;Non-ionik
Pueraria Lobata Root Extract;Miscellaneous;Antioxidant;;;Natural;Non-ionik
Pullulan;Film Forming Agent;;;;Natural Derivative;Non-ionik
Pvm/Ma Copolymer;Hair Fixative;;;;Synthetic;Anionik
Pyridoxine;Miscellaneous;;;;Synthetic;Non-ionik
Pyridoxine Hcl;Miscellaneous;;;;Synthetic;Kationik
Pyrus Communis (Pear) Fruit Extract;Miscellaneous;;;;Natural;Non-ionik
Pyrus Malus (Apple) Fruit Water;Miscellaneous;Solvent;;;Natural;Non-ionik
Pyrus Malus (Apple) Juice;Miscellaneous;Solvent;;;Natural;Non-ionik
Quaternium-73;Hair Conditioning Agent;;;;Synthetic;Kationik
Quillaja Saponaria Bark Extract;Cleansing Agent;;;;Natural;Non-ionik
Raphanus Sativus (Radish) Seed Extract;Miscellaneous;Preservative;;;Natural;Non-ionik
Raspberry Ketone;Perfum;;;;Natural Derivative;Non-ionik
Rehmannia Glutinosa Root Extract;Miscellaneous;;;;Natural;Non-ionik
Retinal;Miscellaneous;;Irritant;Fotosensitizing;Synthetic;Non-ionik
Retinol;Miscellaneous;;Irritant;Fotosensitizing;Synthetic;Non-ionik
Retinyl Acetate;Miscellaneous;;Irritant;Fotosensitizing;Synthetic;Non-ionik
Retinyl Palmitate;Miscellaneous;Antioxidant;Irritant;Fotosensitizing;Synthetic;Non-ionik
Riboflavin;Colorant;Miscellaneous;;;Synthetic;Non-ionik
Rice Amino Acids;Miscellaneous;Humectant;;;Natural Derivative;Amfoterik
Rosa Damascena Flower Water;Perfum;Solvent;Allergen;;Natural;Non-ionik
Rosmarinus Officinalis (Rosemary) Extract;Antioxidant;Perfum;Allergen;;Natural;Non-ionik
Rosmarinus Officinalis (Rosemary) Leaf Oil;Perfum;Antioxidant;Allergen;;Natural;Non-ionik
Rubus Idaeus (Raspberry) Fruit Extract;Miscellaneous;Antioxidant;;;Natural;Non-ionik
Saccharide Hydrolysate;Humectant;;;;Natural Derivative;Non-ionik
Saccharide Isomerate;Humectant;;;;Natural Derivative;Non-ionik
Saccharomyces Ferment;Miscellaneous;;;;Natural Derivative;Non-ionik
Saccharomyces Ferment Filtrate;Miscellaneous;;;;Natural Derivative;Non-ionik
Saccharomyces/Rice Ferment Filtrate;Miscellaneous;;;;Natural Derivative;Non-ionik
Saccharum Officinarum Extract;Humectant;;;;Natural;Non-ionik
Salicylic Acid;Miscellaneous;;Exfoliating;Irritant;Natural Derivative;Non-ionik
Salix Alba (Willow) Bark Extract;Miscellaneous;;;;Natural;Non-ionik
Salix Alba (Willow) Bark Water;Miscellaneous;Solvent;;;Natural;Non-ionik
Salix Nigra (Willow) Bark Extract;Miscellaneous;;;;Natural;Non-ionik
Salvia Hispanica Seed Extract;Miscellaneous;;;;Natural;Non-ionik
Salvia Sclarea (Clary) Oil;Perfum;;Allergen;;Natural;Non-ionik
Saxifraga Sarmentosa Extract;Miscellaneous;;;;Natural;Non-ionik
Sclareolide;Perfum;;Allergen;;Natural Derivative;Non-ionik
Scutellaria Alpina Flower/Leaf/Stem Extract;Miscellaneous;Antioxidant;;;Natural;Non-ionik
Scutellaria Baicalensis Root Extract;Antioxidant;Miscellaneous;;;Natural;Non-ionik
Sea Water;Miscellaneous;Solvent;Drying;;Natural;Non-ionik
Sericin;Miscellaneous;Film Forming Agent;Allergen;;Natural Derivative;Amfoterik
Serine;Miscellaneous;Humectant;;;Natural Derivative;Amfoterik
Sh-Oligopeptide-1;Miscellaneous;;;;Synthetic;Non-ionik
Sh-Oligopeptide-2;Miscellaneous;;;;Synthetic;Non-ionik
Sh-Polypeptide-1;Miscellaneous;;;;Synthetic;Non-ionik
Sh-Polypeptide-22;Miscellaneous;;;;Synthetic;Non-ionik
Sh-Polypeptide-3;Miscellaneous;;;;Synthetic;Non-ionik
Silica;Viscosity Increasing Agent-Non Aqueous;Abrasive;;;Natural;Non-ionik
Silica Dimethyl Silylate;Viscosity Increasing Agent-Non Aqueous;;;;Synthetic;Non-ionik
Simmondsia Chinensis (Jojoba) Seed Oil;Emollient;;;;Natural;Non-ionik
Sodium Acetate;pH Adjuster;;;;Natural Derivative;Anionik
Sodium Acetylated Hyaluronate;Humectant;;;;Natural Derivative;Anionik
Sodium Ascorbyl Phosphate;Antioxidant;;;;Synthetic;Anionik
Sodium Benzoate;Preservative;;;;Synthetic;Anionik
Sodium Benzotriazolyl Butylphenol Sulfonate;Sunscreen Agent;;;;Synthetic;Anionik
Sodium Bisulfite;Antioxidant;Preservative;;;Synthetic;Anionik
Sodium C14-16 Olefin Sulfonate;Cleansing Agent;;Irritant;Drying;Synthetic;Anionik
Sodium Carboxymethyl Beta-Glucan;Miscellaneous;Humectant;;;Natural Derivative;Anionik
Sodium Chloride;Viscosity Increasing Agent-Aqueous;;;;Natural;Non-ionik
Sodium Citrate;pH Adjuster;Chelating Agent;;;Natural Derivative;Anionik
Sodium Cocoamphoacetate;Cleansing Agent;;;;Natural Derivative;Amfoterik
Sodium Cocoyl Alaninate;Cleansing Agent;;;;Natural Derivative;Anionik
Sodium Cocoyl Glutamate;Cleansing Agent;;;;Natural Derivative;Anionik
Sodium Cocoyl Glycinate;Cleansing Agent;;;;Natural Derivative;Anionik
Sodium Cocoyl Isethionate;Cleansing Agent;;;;Natural Derivative;Anionik
Sodium Diethylenetriamine Pentamethylene Phosphonate;Chelating Agent;;;;Synthetic;Anionik
Sodium Dna;Miscellaneous;;;;Natural Derivative;Anionik
Sodium Gluceptate;Chelating Agent;;;;Synthetic;Anionik
Sodium Hyaluronate;Humectant;;;;Natural Derivative;Anionik
Sodium Hyaluronate Crosspolymer;Humectant;;;;Synthetic;Anionik
Sodium Hyaluronate Dimethylsilanol;Humectant;;;;Synthetic;Non-ionik
Sodium Hydrolyzed Potato Starch Dodecenylsuccinate;Viscosity Increasing Agent-Aqueous;;;;Natural Derivative;Anionik
Sodium Hydroxide;pH Adjuster;;Irritant;;Synthetic;Non-ionik
Sodium Lactate;Humectant;;;;Natural Derivative;Non-ionik
Sodium Laureth Sulfate;Cleansing Agent;;Irritant;Drying;Synthetic;Anionik
Sodium Lauroyl Aspartate;Cleansing Agent;;;;Natural Derivative;Anionik
Sodium Lauroyl Glutamate;Cleansing Agent;;;;Natural Derivative;Anionik
Sodium Lauroyl Lactylate;Cleansing Agent;Emulsifying;;;Natural Derivative;Anionik
Sodium Lauroyl Sarcosinate;Cleansing Agent;;;;Natural Derivative;Anionik
Sodium Metabisulfite;Antioxidant;Preservative;;;Synthetic;Anionik
Sodium Metaphosphate;Chelating Agent;;;;Synthetic;Anionik
Sodium Methyl Cocoyl Taurate;Cleansing Agent;;;;Natural Derivative;Anionik
Sodium Methyl Stearoyl Taurate;Cleansing Agent;Emulsifying;;;Natural Derivative;Anionik
Sodium Nitrate;Preservative;;;;Synthetic;Anionik
Sodium Palmitoyl Proline;Miscellaneous;;;;Synthetic;Anionik
Sodium Pca;Humectant;;;;Natural Derivative;Anionik
Sodium Phosphate;pH Adjuster;;;;Synthetic;Anionik
Sodium Phytate;Antioxidant;Chelating Agent;;;Natural Derivative;Anionik
Sodium Polyacrylate;Viscosity Increasing Agent-Aqueous;;;;Synthetic;Anionik
Sodium Polyacryloyldimethyl Taurate;Viscosity Increasing Agent-Aqueous;;;;Synthetic;Anionik
Sodium Polyaspartate;Humectant;;;;Natural Derivative;Anionik
Sodium Polynaphthalenesulfonate;Dispersant;;;;Synthetic;Anionik
Sodium Stearoyl Glutamate;Emulsifying;;;;Natural Derivative;Anionik
Sodium Sulfate;Viscosity Increasing Agent-Aqueous;;;;Natural;Anionik
Sodium Sulfite;Antioxidant;Preservative;;;Synthetic;Anionik
Solanum Lycopersicum (Tomato) Fruit Extract;Miscellaneous;Antioxidant;;;Natural;Non-ionik
Solanum Melongena (Eggplant) Fruit Extract;Miscellaneous;;;;Natural;Non-ionik
Sophora Angustifolia Root Extract;Miscellaneous;;;;Natural;Non-ionik
Sophora Japonica Bud Extract;Miscellaneous;;;;Natural;Non-ionik
Sorbic Acid;Preservative;;;;Synthetic;Non-ionik
Sorbitan Isostearate;Emulsifying;;;;Natural Derivative;Non-ionik
Sorbitan Olivate;Emulsifying;;;;Natural Derivative;Non-ionik
Sorbitol;Humectant;;;;Natural Derivative;Non-ionik
Sphingomonas Ferment Extract;Miscellaneous;;;;Natural Derivative;Non-ionik
Squalane;Emollient;;;;Natural Derivative;Non-ionik
Steareth-2;Emulsifying;;;;Synthetic;Non-ionik
Steareth-21;Emulsifying;;;;Synthetic;Non-ionik
Steareth-30;Emulsifying;;;;Synthetic;Non-ionik
Stearic Acid;Emulsifying;;Comedogenic;;Natural Derivative;Non-ionik
Stellaria Media (Chickweed) Extract;Miscellaneous;;;;Natural;Non-ionik
Stephania Tetrandra Root Extract;Miscellaneous;;;;Natural;Non-ionik
Streptococcus Thermophilus Ferment;Miscellaneous;;;;Natural Derivative;Non-ionik
Styrene/Acrylates Copolymer;Opacifying Agent;Film Forming Agent;;;Synthetic;Anionik
Succinic Acid;Miscellaneous;;;;Natural Derivative;Non-ionik
Sucrose Distearate;Emulsifying;;;;Natural Derivative;Non-ionik
Synthetic Fluorphlogopite;Colorant;;;;Synthetic;Non-ionik
Tamarindus Indica Seed Polysaccharide;Viscosity Increasing Agent-Aqueous;;;;Natural Derivative;Non-ionik
Tea-Cocoyl Glutamate;Cleansing Agent;;;;Natural Derivative;Anionik
Terephthalylidene Dicamphor Sulfonic Acid;Sunscreen Agent;;;;Synthetic;Anionik
Terminalia Ferdinandiana (Kakadu Plum) Fruit Extract;Antioxidant;;;;Natural;Non-ionik
Tetradecene;Emollient;Solvent;;;Synthetic;Non-ionik
Tetrapeptide-44;Miscellaneous;;;;Synthetic;Non-ionik
Tetrasodium Edta;Chelating Agent;;;;Synthetic;Anionik
Theobroma Cacao (Cocoa) Extract;Miscellaneous;Antioxidant;;;Natural;Non-ionik
Theobroma Cacao (Cocoa) Seed Extract;Miscellaneous;Antioxidant;;;Natural;Non-ionik
Thermus Thermophillus Ferment;Miscellaneous;;;;Natural Derivative;Non-ionik
Thiamine Hcl;Miscellaneous;;;;Synthetic;Kationik
Threonine;Miscellaneous;Humectant;;;Natural Derivative;Amfoterik
Thymol Trimethoxycinnamate;Sunscreen Agent;;;;Synthetic;Non-ionik
Tin Oxide;Colorant;;;;Natural;Non-ionik
Tocopherol;Antioxidant;;;;Natural Derivative;Non-ionik
Tocopheryl Acetate;Antioxidant;;;;Synthetic;Non-ionik
Tocotrienols;Antioxidant;;;;Natural Derivative;Non-ionik
Tranexamic Acid;Miscellaneous;;;;Synthetic;Non-ionik
Tranexamoyl Dipeptide-22;Miscellaneous;;;;Synthetic;Non-ionik
Tranexamoyl Dipeptide-23;Miscellaneous;;;;Synthetic;Non-ionik
Trehalose;Humectant;;;;Natural Derivative;Non-ionik
Tremella Fuciformis (Mushroom) Extract;Humectant;Miscellaneous;;;Natural;Non-ionik
Tremella Fuciformis Sporocarp Extract;Humectant;Miscellaneous;;;Natural;Non-ionik
Tributyl Citrate;Plasticizer;Solvent;;;Synthetic;Non-ionik
Tridecane;Emollient;Solvent;;;Synthetic;Non-ionik
Trideceth-9;Emulsifying;Solubiliser;;;Synthetic;Non-ionik
Triethoxycaprylylsilane;Solubiliser;;;;Synthetic;Non-ionik
Triethylhexanoin;Emollient;Solvent;Comedogenic;;Synthetic;Non-ionik
Tripeptide-1;Miscellaneous;;;;Synthetic;Non-ionik
Tripeptide-29;Miscellaneous;;;;Synthetic;Non-ionik
Tris(Tetramethylhydroxypiperidinol) Citrate;Antioxidant;;;;Synthetic;Non-ionik
Trisiloxane;Solvent;Emollient;;;Synthetic;Non-ionik
Trisodium Ethylenediamine Disuccinate;Chelating Agent;;;;Synthetic;Anionik
Triticum Vulgare Sprout Extract;Miscellaneous;;Allergen;;Natural;Non-ionik
Tromethamine;pH Adjuster;;;;Synthetic;Non-ionik
Tuber Magnatum Extract;Perfum;Miscellaneous;;;Natural;Non-ionik
Tyrosine;Miscellaneous;;;;Natural Derivative;Amfoterik
Ulmus Davidiana Root Extract;Miscellaneous;;;;Natural;Non-ionik
Ulva Lactuca Extract;Miscellaneous;;;;Natural;Non-ionik
Undaria Pinnatifida Extract;Miscellaneous;;;;Natural;Non-ionik
Undecane;Emollient;Solvent;;;Synthetic;Non-ionik
Undecylenoyl Phenylalanine;Miscellaneous;;;;Synthetic;Non-ionik
Urea;Humectant;Miscellaneous;;;Natural Derivative;Non-ionik
Valine;Miscellaneous;Humectant;;;Natural Derivative;Amfoterik
Vigna Radiata Seed Extract;Miscellaneous;;;;Natural;Non-ionik
Vinegar;Miscellaneous;pH Adjuster;Irritant;;Natural Derivative;Non-ionik
Vinyl Dimethicone/Methicone Silsesquioxane Crosspolymer;Viscosity Increasing Agent-Non Aqueous;;;;Synthetic;Non-ionik
Xanthan Gum;Viscosity Increasing Agent-Aqueous;;;;Natural Derivative;Anionik
Xylitol;Humectant;;;;Natural Derivative;Non-ionik
Xylitylglucoside;Humectant;;;;Natural Derivative;Non-ionik
Xylose;Humectant;;;;Natural Derivative;Non-ionik
Yeast Extract;Miscellaneous;;;;Natural Derivative;Non-ionik
Zea Mays (Corn) Kernel Extract;Miscellaneous;;;;Natural;Non-ionik
Zea Mays (Corn) Starch;Viscosity Increasing Agent-Aqueous;Occlusive;;;Natural;Non-ionik
Zinc Pca;Miscellaneous;;;;Synthetic;Non-ionik
Zinc Pyrithione;Miscellaneous (Anti-dandruff Agent);;Irritant;Drying;Synthetic;Non-ionik
Zinc Stearate;Viscosity Increasing Agent-Non Aqueous;Opacifying Agent;;;Natural Derivative;Non-ionik
